objectid,title,filename,format,creator,date,description,image_alt_text,subject,location,source,citation,type,language,rights,creativecommons
ofc_013_fern_0000,Deer Fern,ofc_013_fern_0000.jpeg,image/jpeg,unknown,1974,An evergreen fern with elongated leaves. This plant grows upwards.,Photo of ground cover and a long plant branch with lateral elongated leaves. There is a catepillar on the ground cover.,Plant; Edible Plants; Medicinal Plants; Flowers; Photograph (Visual Works); Native Plants,Oregon,"<a href=""https://oregondigital.org/concern/images/df696x69q"" target=""_blank"">Oregon Institute of Marine Biology Slides and Photographs, University of Oregon. ""OIMB slide 396"" Oregon Digital. </a>","""OIMB slide 396,"" Oregon Institute of Marine Biology Slides and Photographs, University of Oregon. Oregon Digital. 1974, <a href='https://oregondigital.org/concern/images/df696x69q' target=""_blank"">https://oregondigital.org/concern/images/df696x69q</a>",Image;StillImage,eng,"<a href=""http://rightsstatements.org/vocab/InC/1.0/"" target=""_blank"">In Copyright - In the United States</a>","<a href=""http://creativecommons.org/licenses/by-nc-nd/4.0/"" target=""_blank"">Creative Commons BY-NC-ND Attribution-NonCommercial-NoDerivs 4.0 International</a>"
ofc_005_penstemon_1977,Peck's Penstemon,ofc_005_penstemon_1977.jpeg,image/jpeg,unknown,1974,"A small plant that grows on the ground, with tiny red flowers. This photo is from a 35mm slide collection.",There is a small green bundle of leaves and some small red flowers amongst some pebbles.,Plant; Edible Plants; Rare plants; Flowers; Photograph (Visual Works); Native Plants,Oregon,"<a href=""https://oregondigital.org/concern/images/df694h327""target=""_blank"">Oregon Institute of Marine Biology Slides and Photographs, University of Oregon. ""OIMB slide 514"" Oregon Digital. </a>","""OIMB slide 514,"" Oregon Institute of Marine Biology Slides and Photographs, University of Oregon. Oregon Digital. 1977 <a href='https://oregondigital.org/concern/images/df694h32' target=""_blank"">https://oregondigital.org/concern/images/df694h32</a>",Image;StillImage,eng,"<a href=""http://rightsstatements.org/vocab/InC/1.0/"" target=""_blank"">In Copyright - In the United States</a>","<a href=""http://creativecommons.org/licenses/by-nc-nd/4.0/""_blank"">Creative Commons BY-NC-ND Attribution-NonCommercial-NoDerivs 4.0 International</a>"
ofc_016_oregongrape_1975,Oregon Grape,ofc_016_oregongrape_1975.jpg,image/jpg,unknown,1975,"A plant with evergreen holly-like leaves and round, blue berries. The berries look dusty and while edible, taste sour.","Photo of a plant with green, waxy, pointy leaves and blue bunches of berries",Plant; Berries; Native Plants; Photograph (Visual Works); Edible Plants,Oregon,"<a href=""https://oregondigital.org/concern/images/wm1180649"" target=""_blank"">OSU Special Collections & Archives Research Center, Oregon State University. ""Oregon grape, 1975"" Oregon Digital. </a>","Henderson, Robert W., ""Oregon grape, 1975,"" OSU Special Collections & Archives Research Center, Oregon State University. Oregon Digital. 1975, <a href='https://oregondigital.org/concern/images/wm1180649' target=""_blank"">https://oregondigital.org/concern/images/wm1180649</a>",Image;StillImage,eng,"<a href=""http://rightsstatements.org/vocab/InC/1.0/"" target=""_blank"">In Copyright - In the United States</a>","<a href=""https://creativecommons.org/licenses/by-nd/4.0/deed.en"" target=""_blank"">CC BY-ND 4.0 DEED</a>"
ofc_023_yarrow_0000,Yarrow,ofc_023_yarrow_0000.jpg,image/jpg,unknown,unknown,Yarrow is a wildflower with medicinal properties in its leaves and flowers. It's said to have been discovered by Achilles.,Photo of grass-like plants with leaves and white flowers.,Plant; Edible Plants; Medicinal Plants; Flowers; Photograph (Visual Works),Oregon,"<a href=""https://oregondigital.org/concern/images/df715d90p"" target=""_blank""> OSU Special Collections & Archives Research Center, Oregon State University. ""Yarrow"" Oregon Digital. </a>","""Yarrow"" OSU Special Collections & Archives Research Center, Oregon State University. ""Oregon Digital. <a href='https://oregondigital.org/concern/images/df715d90p' target=""_blank"">https://oregondigital.org/concern/images/df715d90p</a>",Image;StillImage,eng,"<a href=""http://rightsstatements.org/vocab/InC/1.0/"" target=""_blank"">In Copyright - In the United States</a>",none
ofc_018_lupine_1968,Lupine,ofc_018_lupine_1968.jpg,image/jpg,Robert W. Henderson,1968-1978,Lupine is a plant of the pea family. Its flowers resemble an upside cone. ,"There is a tall, conical purple plant in the foreground. The background is dark but two sunflowers can be seen.",Plant; Poisonous Plants; Flowers; Photograph (Visual Works),Oregon,"<a href=""https://oregondigital.org/concern/images/kk91g265g"" target=""_blank"">OSU Special Collections & Archives Research Center, Oregon State University. ""Lupine, Oregon, circa 1973"" Oregon Digital. </a>","Henderson, Robert W., ""Lupine, Oregon, circa 1973,"" OSU Special Collections & Archives Research Center, Oregon State University. Oregon Digital. 1973 <a href='https://oregondigital.org/concern/images/kk91g265g' target=""_blank"">https://oregondigital.org/concern/images/kk91g265g</a>",Image;StillImage,eng,"<a href=""http://rightsstatements.org/vocab/InC/1.0/"" target=""_blank"">In Copyright - In the United States</a>","<a href=""http://creativecommons.org/licenses/by-nd/4.0/""_blank"">Creative Commons BY-ND Attribution-NoDerivatives 4.0 International</a>"
ofc_014_fendlerswaterleaf_2010,Fendler's Waterleaf,ofc_014_fendlerswaterleaf_2010.jpg,image/jpg,Gerald D. Carr,2010,A plant with five points on leaves with immature blooms. The stem grows small hairs downward and the petals grow bellshaped.,A photo of a green plant with five leaves with immature blooms on it.,Plant; Edible Plants; Native Plants; Photograph (Visual Works),Oregon,"<a href=""https://oregonflora.org/taxa/index.php?taxon=5684"" target=""_blank"">Hydrophyllum fendleri (A. Gray) A. Heller - OregonFlora</a>","Carr, Gerald D. ""Hydrophyllum Fendleri."" OregonFlora, 22 Jul. 2010, oregonflora.org/taxa/index.php?taxon=5684. Accessed 14 Feb. 2024.",Image;StillImage,eng,"<a href=""http://rightsstatements.org/vocab/InC-EDU/1.0/"" target=""_blank"">IN COPYRIGHT - EDUCATIONAL USE PERMITTED</a>","<a href=""https://creativecommons.org/licenses/by-sa/4.0/""_blank"">CC BY-SA 4.0 DEED
Attribution-ShareAlike 4.0 International</a>"
ofc_009_pioneerviolet_2006,Pioneer Violet,ofc_009_pioneerviolet_2006.jpg,image/jpg,Gerald D. Carr,2006,"Wild cousins of the pansy, yellow wood violets add a charming element to shady understory groundcover in the spring. As its name suggests, it does well in rich, moist woodland soils with full to partial shade. Unlike other native violets that grow in low basal rosettes, yellow wood violets' erect stems grow to 1 ft tall with flowers blooming at shoot tips.  The distinctive asymmetrical flowers are bright yellow with maroon veins and look lovely against heart-shaped leaves.",A photo of a green plant with rounded leaves and bright yellow flowers.,Plant; Edible Plants; Native Plants; Photograph (Visual Works),Oregon,"<a href=""https://oregonflora.org/taxa/index.php?taxon=9126"" target=""_blank"">Viola glabella Nutt. - OregonFlora</a>","Carr, Gerald D. ""Viola Glabella."" OregonFlora, 18 Apr. 2006, oregonflora.org/taxa/index.php?taxon=9126. Accessed 14 Feb. 2024.",Image;StillImage,eng,"<a href=""http://rightsstatements.org/vocab/InC-EDU/1.0/"" target=""_blank"">IN COPYRIGHT - EDUCATIONAL USE PERMITTED</a>","<a href=""https://creativecommons.org/licenses/by-sa/4.0/""_blank"">CC BY-SA 4.0 DEED
Attribution-ShareAlike 4.0 International</a>"
ofc_025_queenanneslace_1946,Queen Anne's Lace,ofc_025_queenanneslace_1946.jpg,image/jpg,Warren E. Favor,1946-1960,"A part of the carrot & parsley family (Daucus carota). Imported from Europe by the colonists. This flower has spread rapidly because even the shortest tongued insect can enjoy the nectar it secretes, thus fertilizing it. Then the flower folds inwards (like a newt). The cultivated carrot was never derived from this plant; although fiction tries to give credit to the Dutch for accomplishing it. When the cultivated carrot reverts to its ancestral type it is quite different.",A photo of a plant from on top with numerous white tiny flowers in clusters.,Plant; Edible Plants; Native Plants; Medicinal Plants; Photograph (Visual Works),Oregon,"<a href=""https://dp.la/item/084006b9c03b890086d9ee86c6f73821?q=Queen+Anne%27s+Lace"" target=""_blank"">Queen Anne's lace - Digital Public Library of America</a>","Favor, Waren. ""Queen Anne's lace."" Digital Public Library of America, 1946-1960, dp.la/item/084006b9c03b890086d9ee86c6f73821?q=Queen+Anne%27s+Lace. Accessed 14 Feb. 2024.",Image;StillImage,eng,"<a href=""http://rightsstatements.org/vocab/CNE/1.0/"" target=""_blank"">COPYRIGHT NOT EVALUATED</a>","<a href=""https://creativecommons.org/licenses/by-sa/4.0/""_blank"">CC BY-SA 4.0 DEED
Attribution-ShareAlike 4.0 International</a>"
ofc_012_bittercherry_0000,Bitter Cherry,ofc_012_bittercherry_0000.jpg,image/jpg,Bruce N. Newhouse,unknown,Bitter cherry is an attractive small tree or shrub with shiny reddish to silvery gray bark and leaves that turn yellow in the fall. Pretty white flowers bloom in clusters and mature into a profusion of bright red cherry-like fruits that are devoured by birds. It does well in full to partial sun and is well-suited to the woodland garden or hedgerow where it can form lovely flowering thickets if suckers are left unchecked.,A photo of a fruit tree that grows many tiny flowers that sprout into cherries.,Plant; Poisonous Plants; Medicinal Plants; Photograph (Visual Works),Oregon,"<a href=""https://oregonflora.org/taxa/index.php?taxon=7679"" target=""_blank"">Prunus emarginata (Douglas ex Hook.) Walp. - OregonFlora</a>","Newhouse, Bruce N. ""Prunus Emarginata."" OregonFlora, oregonflora.org/taxa/index.php?taxon=7679. Accessed 14 Feb. 2024.",Image;StillImage,eng,"<a href=""http://rightsstatements.org/vocab/InC-EDU/1.0/"" target=""_blank"">IN COPYRIGHT - EDUCATIONAL USE PERMITTED</a>","<a href=""https://creativecommons.org/licenses/by-nc-nd/4.0/""_blank"">CC BY-NC-ND 4.0 DEED
Attribution-NonCommercial-NoDerivs 4.0 International</a>"
ofc_004_nootkarose_2008,Nootka Rose,ofc_004_nootkarose_2008.jpg,image/jpg,Gerald D. Carr,2008,A plant with oval shaped leaves and pink flowers. This plant grows a pair of thorns at the base of each leaf.,"A photo of a plant with a green stem, oval shaped leaves, and pink flowers.",Plant; Edible Plants; Native Plants; Photograph (Visual Works),Oregon,"<a href=""https://oregonflora.org/taxa/index.php?taxon=14438"" target=""_blank"">Rosa nutkana var. nutkana - OregonFlora</a>","Carr, Gerald D. ""Rosa nutkana var. nutkana."" OregonFlora, 31 May 2008, oregonflora.org/taxa/index.php?taxon=14438 Accessed 14 Feb. 2024.",Image;StillImage,eng,"<a href=""http://rightsstatements.org/vocab/InC-EDU/1.0/"" target=""_blank"">IN COPYRIGHT - EDUCATIONAL USE PERMITTED</a>","<a href=""https://creativecommons.org/licenses/by-sa/4.0/""_blank"">CC BY-SA 4.0 DEED
Attribution-ShareAlike 4.0 International</a>"
ofc_001_wildcurrant_1862,Wild Currant,ofc_001_wildcurrant_1862.jpeg,image/jpeg,Cleveland Rockwell,1862-1907,"The Wild Currant flower, also known as Ribes, typically features clusters of small, bell-shaped flowers that come in shades of pink, red, white, or yellow. The flowers have a delicate and dainty appearance, often blooming in spring and attracting pollinators with their sweet fragrance. Additionally, the plant's foliage is characterized by lobed leaves that complement the colorful and charming flowers.","Color botanical illustration of wild currant with foliage and two clusters of small pink blooms. There are four large, dark green, ivy-shaped leaves connected to a thin brown stem",Plant; Flowers; Botanical Illustration; Drawings (Visual Works); Native Plants,Oregon,"<a href=""https://digitalcollections.ohs.org/mss2163-f06-004"" target=""_blank"">Cleveland Rockwell Papers - OHS Digital Collection</a>","""Wild Currant,"" Rockwell, Cleveland. 1862-1907, Oregon Historical Society. Library. The Oregon Historical Society Digital Collections, Cleveland Rockwell Papers, <a href='https://digitalcollections.ohs.org/mss2163-f06-004' target='_blank'>https://digitalcollections.ohs.org/mss2163-f13-004</a>",Image;StillImage,eng,"<a href=""https://rightsstatements.org/page/NoC-US/1.0/"" target=""_blank"">No Copyright - In the United States</a>","<a href=""https://creativecommons.org/publicdomain/mark/1.0/"" target=""_blank"">Public Domain Mark 1.0</a>"
ofc_002_sweetpeaflower_1862,Sweet Pea Flowers,ofc_002_sweetpeaflower_1862.jpeg,image/jpeg,Cleveland Rockwell,1862-1907,This is a color botanical illustration of the sweet pea flower. Sweet pea flowers have three to six flowers per stem. They're considered to be colorful and fragrant.,Color botanical illustration of four pink and purple sweet pea flowers connected by a thin green stem.,Plant; Flowers; Botanical Illustration; Drawings (Visual Works); Native Plants,Oregon,"<a href=""https://digitalcollections.ohs.org/mss2163-f13-004"" target=""_blank"">Cleveland Rockwell Papers - OHS Digital Collection</a>","""Botanical illustrations of sweet pea flowers,"" Rockwell, Cleveland. 1862-1907, Oregon Historical Society. Library. The Oregon Historical Society Digital Collections, Cleveland Rockwell Papers, <a href='https://digitalcollections.ohs.org/mss2163-f13-004' target='_blank'>https://digitalcollections.ohs.org/mss2163-f13-004</a> ",Image;StillImage,eng,"<a href=""https://rightsstatements.org/page/NoC-US/1.0/"" target=""_blank"">No Copyright - In the United States</a>","<a href=""https://creativecommons.org/publicdomain/mark/1.0/"" target=""_blank"">Public Domain Mark 1.0</a>"
ofc_007_crimsoncolumbine_1862,Western Red Columbine,ofc_007_crimsoncolumbine_1862.jpeg,image/jpeg,Cleveland Rockwell,1862-1907,"A color botanical illustration of crimson columbine, also known as western columbine or red columbine. The scientific name is Aquilegia formosa. There are red and yellow flowers in various stages of bloom on a long stem with foliage.",Color botanical illustration of crimson columbine. There are three red and yellow flowers angled downwards in various stages of bloom on a long stem with foliage.,Plant; Flowers; Botanical Illustration; Drawings (Visual Works),Oregon,"<a href=""https://digitalcollections.ohs.org/mss2163-f13-003"" target=""_blank"">Cleveland Rockwell Papers - OHS Digital Collection</a>","""Botanical illustration of crimson columbine,"" Rockwell, Cleveland. 1862-1907, Oregon Historical Society. Library. The Oregon Historical Society Digital Collections, Cleveland Rockwell Papers, <a href='https://digitalcollections.ohs.org/mss2163-f13-003' target='_blank'>https://digitalcollections.ohs.org/mss2163-f13-003</a>",Image;StillImage,eng,"<a href=""https://rightsstatements.org/page/NoC-US/1.0/"" target=""_blank"">No Copyright - In the United States</a>","<a href=""https://creativecommons.org/publicdomain/mark/1.0/"" target=""_blank"">Public Domain Mark 1.0</a>"
ofc_011_seepmonkeyflower_1862,Seep Monkeyflower,ofc_011_seepmonkeyflower_1862.jpeg,image/jpeg,Cleveland Rockwell,1862-1907,"A color botanical illustration of mimulus luteus, also known as seep monkeyflower. The verso of the drawing reads, ""Mimulus luteus.""",Color botanical illustration of two yellow seep monkeyflowers in different stages of bloom accompanied by seven green leaves on a thin green stem ,Plant; Flowers; Botanical Illustration; Drawings (Visual Works),Oregon,"<a href=""https://digitalcollections.ohs.org/mss2163-f07-001"" target=""_blank"">Cleveland Rockwell Papers - OHS Digital Collection</a>","""Mimulus Luteus,"" Rockwell, Cleveland. 1862-1907, Oregon Historical Society. Library. The Oregon Historical Society Digital Collections, Cleveland Rockwell Papers, <a href='https://digitalcollections.ohs.org/mss2163-f07-001' target='_blank'>https://digitalcollections.ohs.org/mss2163-f07-001</a>",Image;StillImage,eng,"<a href=""https://rightsstatements.org/page/NoC-US/1.0/"" target=""_blank"">No Copyright - In the United States</a>","<a href=""https://creativecommons.org/publicdomain/mark/1.0/"" target=""_blank"">Public Domain Mark 1.0</a>"
ofc_019_purplenightshade_1862,Purple Nightshade,ofc_019_purplenightshade_1862.jpeg,image/jpeg,Cleveland Rockwell,1862-1907,This is a color botanical illustration of purple nightshade. There are purple flowers with yellow centers in various stages of bloom and foliage. ,Color botanical illustration of purple nightshade flower. There are two clusters of dark purple flowers in various stages of bloom on two connecting plant stems with dark green foliage.,Plant; Berries; Botanical Illustration; Drawings (Visual Works),Oregon,"<a href=""https://digitalcollections.ohs.org/mss2163-f15-003"" target=""_blank"">Cleveland Rockwell Papers - OHS Digital Collection</a>","""Botanical Illustration of purple nightshade,"" Rockwell, Cleveland. 1862-1907, Oregon Historical Society. Library. The Oregon Historical Society Digital Collections, Cleveland Rockwell Papers, <a href='https://www.ohs.org/research-and-library/' target='_blank'>https://digitalcollections.ohs.org/mss2163-f15-003</a>",Image;StillImage,eng,"<a href=""https://rightsstatements.org/page/NoC-US/1.0/"" target=""_blank"">No Copyright - In the United States</a>","<a href=""https://creativecommons.org/publicdomain/mark/1.0/"" target=""_blank"">Public Domain Mark 1.0</a>"
ofc_021_salal_1862,Salal,ofc_021_salal_1862.jpeg,image/jpeg,Cleveland Rockwell,1862-1907,"This is a color botanical illustration of Gaultheria shallon, also known as salal, with dark purple berries and foliage. The verso of the illustration reads, ""Gaultheria Shallon (Salal) Bot of Cal Oak Point, W. T. Cornelia Rockwell Cleveland Rockwell Pac. Coast Pilot.""","Color botanical illustration of a Gaultheria shallon, or salal, branch with large green leaves and dark purple berries. ",Plant; Flowers; Botanical Illustration; Drawings (Visual Works),Oregon,"<a href=""https://digitalcollections.ohs.org/mss2163-f15-002"" target=""_blank"">Cleveland Rockwell Papers - OHS Digital Collection</a>","""Botanical Illustration of Gaulteria shallon,"" Rockwell, Cleveland. 1862-1907, Oregon Historical Society. Library. The Oregon Historical Society Digital Collections, Cleveland Rockwell Papers, <a href='https://digitalcollections.ohs.org/mss2163-f15-002' target='_blank'>https://digitalcollections.ohs.org/mss2163-f15-002</a>",Image;StillImage,eng,"<a href=""https://rightsstatements.org/page/NoC-US/1.0/"" target=""_blank"">No Copyright - In the United States</a>","<a href=""https://creativecommons.org/publicdomain/mark/1.0/"" target=""_blank"">Public Domain Mark 1.0</a>"
ofc_022_falsesolomonsseal_1862,False Solomon's Seal,ofc_022_falsesolomonsseal_1862.jpeg,image/jpeg,Cleveland Rockwell,1862-1907,This is a color botanical illustration of false Solomon's seal. Its scientific name is Maianthemum racemosum. There are eight leaves and a stalk of small white flowers in various stages of bloom.,A color botanical illustration of a false Solomon's seal. There are eight leaves green leaves angled upward and a stalk of small white flowers in various stages of bloom in the center.,Plant; Flowers; Botanical Illustration; Drawings (Visual Works),Oregon,"<a href=""https://digitalcollections.ohs.org/mss2163-f13-002"" target=""_blank"">Cleveland Rockwell Papers - OHS Digital Collection</a>
","""Botanical illustration of false Solomon's seal,"" Rockwell, Cleveland. 1862-1907, Oregon Historical Society. Library. The Oregon Historical Society Digital Collections, Cleveland Rockwell Papers, <a href='https://www.ohs.org/research-and-library/' target='_blank'>https://digitalcollections.ohs.org/mss2163-f13-002</a>",Image;StillImage,eng,"<a href=""https://rightsstatements.org/page/NoC-US/1.0/"" target=""_blank"">No Copyright - In the United States</a>","<a href=""https://creativecommons.org/publicdomain/mark/1.0/"" target=""_blank"">Public Domain Mark 1.0</a>"
ofc_026_dogwoodblossom_1920,Dogwood Blossom,ofc_026_dogwoodblossom_1920.jpeg,image/jpeg,Doris Ulman,1920/1934,Black and white image of medium white flowers on branch.,Black and white photograph of dogwood blossoms. There are many small white flowers in bloom on a thin branch,Plant; Flowers; Native Plants; Photograph (Visual Works),Oregon,"<a href=""https://oregondigital.org/concern/images/df66ww81t"" target=""_blank"">Ulmann (Doris) Photographs - Oregon Digital</a>"," ""Dogwood Blossoms,"" Ulmann, Doris. 1920s-1934, Oregon Digital, University of Oregon. Oregon Digital, Ulmann (Doris) Photographs, <a href='https://oregondigital.org/concern/images/df66ww81t' target='_blank'>https://oregondigital.org/concern/images/df66ww81t</a>",Image;StillImage,eng,"<a href=""https://rightsstatements.org/page/NoC-US/1.0/"" target=""_blank"">No Copyright - In the United States</a>","<a href=""https://creativecommons.org/publicdomain/mark/1.0/"" target=""_blank"">Public Domain Mark 1.0</a>"
ofc_020_chocolatelily_2007,Chocolate Lily,ofc_020_chocolatelily_2007.jpg,image/jpg,Gerald D. Carr,2007,"The Chocolate Lily flower, also known as Fritillaria biflora, is characterized by its deep brown to purplish petals that resemble the color of chocolate. It typically has a bell-shaped bloom with dark markings on the petals, giving it a rich and velvety appearance.","A unique flower with dark purple, almost brownish petals and prominent yellow pollen-covered anthers. There is also an unopened bud on the plant. The background is dark, and there are water droplets on the plant, suggesting a wetland or marshy environment.",Plant; Bulbous Plants; Edible Plants; Flowers; Photograph (Visual Works),Oregon,"<a href=""https://oregonflora.org/collections/individual/index.php?occid=1543252"" target=""_blank"">OregonFlora Field Photo Collection</a>","“Fritillaria affinis,” Gerald D. Carr. 05 Aug 2007, OregonFlora Field Photo Collection, <a href=""https://oregonflora.org/collections/individual/index.php?occid=1543252"" target=""_blank""> https://oregonflora.org/collections/individual/index.php?occid=1543252</a>",still image,eng,"<a href=""https://rightsstatements.org/page/InC/1.0/?language=en"" target=""_blank"">In Copyright</a>","<a href=""https://creativecommons.org/licenses/by-sa/4.0/"" target=""_blank"">Creative Commons Attribution-ShareAlike 4.0 International License</a>"
ofc_006_englishsundew_2007,English Sundew,ofc_006_englishsundew_2007.jpg,image/jpg,Gerald D. Carr,2007,"The English Sundew, a carnivorous plant, is known for its small, round leaves covered in sticky red tentacles that attract and trap insects. These tentacles resemble drops of dew, giving the plant its name. The plant's unique feature is its ability to digest the insects it captures to obtain nutrients in environments with poor soil conditions.","A close-up of a sundew plant, known for its sticky, glandular tentacles that trap and digest insects. The leaves have glistening droplets and range in color from green to reddish. The background is dark, making the plant stand out.",Plant; Carnivorous Plants; Flowers; Photograph (Visual Works),Oregon,"<a href=""https://oregonflora.org/collections/individual/index.php?occid=1578794"" target=""_blank"">OregonFlora Field Photo Collection</a>","“Drosera anglica,” Gerald D. Carr. 18 Aug 2007, OregonFlora Field Photo Collection, <a href=""https://oregonflora.org/collections/individual/index.php?occid=1578794"" target=""_blank"">https://oregonflora.org/collections/individual/index.php?occid=1578794</a>",still image,eng,"<a href=""https://rightsstatements.org/page/InC/1.0/?language=en"" target=""_blank"">In Copyright</a>","<a href=""https://creativecommons.org/licenses/by-sa/4.0/"" target=""_blank"">Creative Commons Attribution-ShareAlike 4.0 International License</a>"
ofc_017_fawnlily_0000,Fawn-Lily,ofc_017_fawnlily_0000.jpg,image/jpg,Carl Burt,unknown,"The Fawn Lily flower, also known as Erythronium, typically has delicate, nodding blooms with petals that resemble the shape of a fawn's ear. The petals are usually white or pink with yellow or golden centers, and the plant often grows in woodland areas, adding a touch of elegance to its surroundings.","A close-up cluster of flowers with six light purple petals and a yellow-green center. The petals have subtle white streaks and fade to a pale, almost purple color near the edges. The flower has a delicate and vibrant appearance, and the background is dark, which makes the flowers stand out.",Plant; Bulbous Plants; Edible Plants; Flowers; Photograph (Visual Works),Oregon,"<a href=""https://oregonflora.org/collections/individual/index.php?occid=1539883"" target=""_blank"">OregonFlora Field Photo Collection</a>","“Erythronium hendersonii,” Cal Burt. OregonFlora Field Photo Collection, <a href=""https://oregonflora.org/collections/individual/index.php?occid=1539883"" target=""_blank"">https://oregonflora.org/collections/individual/index.php?occid=1539883</a>",still image,eng,"<a href=""https://rightsstatements.org/page/InC/1.0/?language=en"" target=""_blank"">In Copyright</a>","<a href=""https://creativecommons.org/licenses/by-sa/4.0/"" target=""_blank"">Creative Commons Attribution-ShareAlike 4.0 International License</a>"
ofc_003_foxglove_2006,Foxglove,ofc_003_foxglove_2006.jpg,image/jpg,Gerald D. Carr,2006,"The Foxglove flower, also known as Digitalis, is recognized for its tall spikes of tubular flowers that come in shades of pink, purple, white, or yellow. The petals have a speckled or spotted pattern inside and a bell-like shape, creating a striking and elegant appearance. Additionally, the plant's leaves are often large, lance-shaped, and arranged in a rosette at the base.","The picture is of a bee on a pink and purple flower. The bee is fuzzy and yellow with black stripes, and it looks like it's collecting nectar or pollen from the flower. The flower has a spotted pattern inside and is hanging downward. The background is blue, and the bee and flower are in focus, while the background is blurry.",Plant; Poisonous Plants; Flowers; Photograph (Visual Works); Invasive Plants; Common Plants,Oregon,"<a href=""https://oregonflora.org/collections/individual/index.php?occid=1550301"" target=""_blank"">OregonFlora Field Photo Collection</a>","“Digitalis purpurea,” Gerald D. Carr. 19 Aug 2006, OregonFlora Field Photo Collection, <a href=""https://oregonflora.org/collections/individual/index.php?occid=1550301"" target=""_blank"">https://oregonflora.org/collections/individual/index.php?occid=1550301</a>",still image,eng,"<a href=""https://rightsstatements.org/page/InC/1.0/?language=en"" target=""_blank"">In Copyright</a>","<a href=""https://creativecommons.org/licenses/by-sa/4.0/"" target=""_blank"">Creative Commons Attribution-ShareAlike 4.0 International License</a>"
ofc_015_loveinamist_2017,Love in a Mist,ofc_015_loveinamist_2017.jpg,image/jpg,Gerald D. Carr,2017,"Love-in-a-Mist flowers, also known as Nigella, typically have feathery bracts and intricate flower structures. They often feature a central core of stamens or pistils surrounded by delicate, papery petals in shades of blue, white, or pink. Additionally, they may have spiky green bracts that radiate outwards, giving the flower a unique and striking appearance.","A close-up of a unique flower with light blue petals and long, thin, green spiky appendages. The central part of the flower is a cluster of immature stamens or pistils that are greenish in color. The colors are vibrant, and the background is soft and indistinct.",Plant; Flowers; Photograph (Visual Works); Native Plants; Edible Plants; Medicinal Plants,Oregon,"<a href=""https://oregonflora.org/collections/individual/index.php?occid=2994618"" target=""_blank"">OregonFlora Field Photo Collection</a>","“Nigella damascena,” Gerald D. Carr. 17 Jun 2017, OregonFlora Field Photo Collection, <a href=""https://oregonflora.org/collections/individual/index.php?occid=2994618"" target=""_blank"">https://oregonflora.org/collections/individual/index.php?occid=2994618</a>",still image,eng,"<a href=""https://rightsstatements.org/page/InC/1.0/?language=en"" target=""_blank"">In Copyright</a>","<a href=""https://creativecommons.org/licenses/by-sa/4.0/"" target=""_blank"">Creative Commons Attribution-ShareAlike 4.0 International License</a>"
ofc_008_stjohnswort_2010,Norton's St. John's wort,ofc_008_stjohnswort_2010.jpg,image/jpg,Bruce N. Newhouse,2010,"The St. John's Wort flower, scientifically known as Hypericum perforatum, typically features bright yellow, star-shaped flowers with numerous stamens in the center. The petals are arranged in a symmetrical pattern, giving the flower a vibrant and cheerful appearance. Additionally, the plant is known for its use in herbal medicine due to the medicinal properties of its flowers and leaves.","The picture shows bright yellow flowers, likely from the Hypericum genus, with long, slender, yellow stamens and delicate petals. The leaves are rich green, and the background suggests the plant is in a garden or wild area with ample sunlight.",Plant; Flowers; Photograph (Visual Works); Native Plants; Edible Plants,Oregon,"<a href=""https://oregonflora.org/collections/individual/index.php?occid=1555224"" target=""_blank"">OregonFlora Field Photo Collection</a>","“Hypericum scouleri,” Bruce N. Newhouse. 01 Aug 2010, OregonFlora Field Photo Collection,<a href=""https://oregonflora.org/collections/individual/index.php?occid=1555224"" target=""_blank"">https://oregonflora.org/collections/individual/index.php?occid=1555224</a>",still image,eng,"<a href=""https://rightsstatements.org/page/InC/1.0/?language=en"" target=""_blank"">In Copyright</a>","<a href=""https://creativecommons.org/licenses/by-sa/4.0/"" target=""_blank"">Creative Commons Attribution-ShareAlike 4.0 International License</a>"
ofc_024_phantomorchid_2008,Phantom Orchid,ofc_024_phantomorchid_2008.jpg,image/jpg,Gerald D. Carr,2008,"The Phantom Orchid, or Cephalanthera austiniae, is a rare and elusive orchid known for its ghostly appearance. It has white, waxy flowers with intricate patterns that resemble ethereal spirits, often growing in shady, forested areas. The plant lacks chlorophyll and relies on a symbiotic relationship with fungi for nutrients, adding to its mysterious and captivating nature.","A cluster of white orchid flowers with a velvety texture and a yellow center. The flowers are arranged in a dense, vertical spike.",Plant; Flowers; Photograph (Visual Works); Edible Plants; Endangered Plants; Rare Plants; Native Plants,Oregon,"<a href=""https://oregonflora.org/collections/individual/index.php?occid=1549877"" target=""_blank"">OregonFlora Field Photo Collection</a>","“Cephalanthera austiniae,” Gerald D. Carr. 10 Jul 2008, OregonFlora Field Photo Collection, <a href=""https://oregonflora.org/collections/individual/index.php?occid=1549877"" target=""_blank""> https://oregonflora.org/collections/individual/index.php?occid=1549877</a>",still image,eng,"<a href=""https://rightsstatements.org/page/InC/1.0/?language=en"" target=""_blank"">In Copyright</a>","<a href=""https://creativecommons.org/licenses/by-sa/4.0/"" target=""_blank"">Creative Commons Attribution-ShareAlike 4.0 International License</a>"
ofc_010_scotchbroom_2009,Scotchbroom,ofc_010_scotchbroom_2009.jpg,image/jpg,Paul Slichter,2009,"The Scotch Broom flower, or Cytisus scoparius, is characterized by bright yellow, pea-like flowers that bloom abundantly on woody stems. The flowers form dense clusters along the branches, creating a vibrant display of color. Additionally, the plant's foliage consists of small, needle-like leaves that complement the striking yellow blossoms.","A bushy shrub with lots of small, bright yellow flowers. The flowers cover the shrub, and there are green leaves and stems. The background looks like a sandy or grassy area. The shrub is the main focus of the picture.",Plant; Shrubs; Invasive Plants; Flowers; Photograph (Visual Works); Edible Plants; Common Plants,Oregon,"<a href=""https://oregonflora.org/collections/individual/index.php?occid=1566571"" target=""_blank"">OregonFlora Field Photo Collection</a>","Cytisus scoparius, Paul Slichter, 21 May 2009, OregonFlora Field Photo Collection, <a href=""https://oregonflora.org/collections/individual/index.php?occid=1566571"" target=""_blank"">https://oregonflora.org/collections/individual/index.php?occid=1566571</a>",still image,eng,"<a href=""https://rightsstatements.org/page/InC/1.0/?language=en"" target=""_blank"">In Copyright</a>","<a href=""https://creativecommons.org/licenses/by-sa/4.0/"" target=""_blank"">Creative Commons Attribution-ShareAlike 4.0 International License</a>"
